"개방자치단체코드","관리번호","인허가일자","인허가취소일자","영업상태코드","영업상태명","상세영업상태코드","상세영업상태명","폐업일자","휴업시작일자","휴업종료일자","재개업일자","전화번호","소재지면적","소재지우편번호","지번주소","도로명주소","도로명우편번호","사업장명","최종수정일자","데이터갱신구분","데이터갱신일자","업태구분명","좌표정보(X)","좌표정보(Y)"
"3230000","CDFH3301262017000001","2017-03-31","","01","영업/정상","13","영업중","","","","","","","","","서울특별시 송파구 올림픽로 300 (신천동)","05551","시그니엘서울 피트니스클럽","2023-02-14 17:43:25","U","2022-12-01 23:06:00.0","","",""
"3000000","CDFH3301262007000002","20070705","","03","폐업","03","폐업","20080317","","","","733-8111","","110080","서울특별시 종로구 무악동 82번지 무악현대프라자 ","","","(주)나비스포렉스","2009-01-08 10:33:23","I","2018-08-31 23:59:59.0","","196467.975088253    ","452566.134030104    "
"3220000","CDFH3301262022000001","20220421","","01","영업/정상","13","영업중","","","","","02-1544-4656","","","서울특별시 강남구 개포동 1273 포이초등학교","서울특별시 강남구 개포로22길 87, 포이초등학교 (개포동)","06311","포이스포츠센터","2022-04-21 09:12:41","I","2021-12-03 22:03:00.0","","204558.513478279","441491.962568552"
"3050000","CDFH3301262014000001","20141125","","01","영업/정상","13","영업중","","","","","2217-3300","","130804","서울특별시 동대문구 답십리동 463-1","서울특별시 동대문구 천호대로47길 34 (답십리동)","02592","(주)코리아비젼스윔(지점)","2022-11-24 19:15:15","U","2021-10-31 22:06:00.0","","203831.531062343","452388.114511866"
"3080000","CDFH3301262021000001","20210826","","01","영업/정상","13","영업중","","","","","02-3408-5000","","","서울특별시 강북구 우이동 346 파라스파라 서울","서울특별시 강북구 삼양로 689, 파라스파라 서울 (우이동)","01000","(주)정상북한산리조트 파라스파라 서울","2022-12-12 14:23:13","U","2021-11-01 23:04:00.0","","200704.539774217","462416.392839185"
"3220000","CDFH3301262001000001","2001-01-29","","01","영업/정상","13","영업중","","","","","02-3412-2171","","135-938","서울특별시 강남구 일원동 4-1","서울특별시 강남구 남부순환로 3318 (일원동)","06340","강남주민편익시설(48)","2023-04-03 14:37:51","U","2022-12-04 00:05:00.0","","",""
"3220000","CDFH3301262016000001","20161006","","01","영업/정상","13","영업중","","","","","02-543-5991","","","서울특별시 강남구 청담동 27","서울특별시 강남구 삼성로135길 42 (청담동, 언북초등학교)","06066","언북문화체육센터","2022-04-11 14:21:12","U","2021-12-03 23:03:00.0","","203963.799944512","446416.151961396"
"3220000","CDFH3301262015000002","20150909","","01","영업/정상","13","영업중","","","","","0317807673","","","서울특별시 강남구 청담동 4-1 4~6층","서울특별시 강남구 도산대로 442, 4~6층 (청담동, 피엔폴루스)","06062","코오롱글로벌(주)스포렉스(53)","2022-04-19 12:41:09","U","2021-12-03 22:01:00.0","","203789.588128352","446796.128299612"
"3150000","CDFH3301262002000001","2002-01-10","","01","영업/정상","13","영업중","","","","","2660-9300","","157-290","서울특별시 강서구 외발산동 426 외 1필지(368-2)","서울특별시 강서구 방화대로 94 (외발산동, 외 1필지(368-2))","07506","메이필드호텔 휘트니스클럽","2023-04-20 09:27:50","U","2022-12-03 22:02:00.0","","183863.692502412","449443.610735042"
"3210000","CDFH3301262013000002","20131030","","01","영업/정상","13","영업중","","","","","535-2601~2","","137837","서울특별시 서초구 방배동 852-14 방배열린문화센터 지하1, 지상5.6.7층","서울특별시 서초구 방배로 173 (방배동, 방배열린문화센터지하1,지상5,6,7층)","06572","코오롱글로벌(주)스포렉스 방배점","2022-04-19 17:35:08","U","2021-12-03 22:01:00.0","","199250.378045845","442973.400332687"
"3220000","CDFH3301261999000001","19991015","","01","영업/정상","13","영업중","","","","","02-559-7529","","","","서울특별시 강남구 봉은사로 524 (삼성동, 코엑스인터콘티넨탈서울)","06164","코스모폴리탄휘트니스클럽","2022-04-08 16:47:52","U","2021-12-03 23:02:00.0","","205130.591678902","445590.096837802"
"3040000","CDFH3301262004000001","2004-10-04","","01","영업/정상","13","영업중","","","","","02-450-4424","","143-708","서울특별시 광진구 광장동 산 21","서울특별시 광진구 워커힐로 177 (광장동)","04963","루(ROO)","2023-05-08 14:53:29","U","2022-12-04 23:00:00.0","","",""
"3040000","CDFH3301261998000001","1998-01-17","","01","영업/정상","13","영업중","","","","","02-450-4425","","143-708","서울특별시 광진구 광장동 산 21","서울특별시 광진구 워커힐로 177 (광장동)","04963","SK네트웍스(주) 워커힐","2023-05-08 14:54:09","U","2022-12-04 23:00:00.0","","",""
"3060000","CDFH3301262000000001","2000-03-21","","01","영업/정상","13","영업중","","","","","496-0070","","131-878","서울특별시 중랑구 중화동 207-0 외 4필지","서울특별시 중랑구 망우로 247 (중화동)","02117","로얄스포츠센타","2023-05-12 13:50:20","U","2022-12-04 23:04:00.0","","206997.270586637","454794.043242834"
"3220000","CDFH3301262019000003","2019-09-08","","01","영업/정상","13","영업중","","","","","543-9633","","","서울특별시 강남구 논현동 168 논현초등학교","서울특별시 강남구 강남대로120길 33, 논현초등학교 (논현동)","06119","더논현 스포츠센터","2023-05-16 13:46:33","U","2022-12-04 23:08:00.0","","202257.099030843","445111.142737302"
"3140000","CDFH3301262023000001","2023-06-15","","01","영업/정상","13","영업중","","","","","","","","서울특별시 양천구 목동 916 현대하이페리온","서울특별시 양천구 목동동로 257, 8층 (목동, 현대하이페리온)","07998","리조트휘트니스목동점","2023-06-15 09:27:42","I","2022-12-05 23:07:00.0","","188884.075622342","447186.888604306"
"3210000","CDFH3301261991000003","19910704","","01","영업/정상","13","영업중","","","","","580-8234","","137857","서울특별시 서초구 서초동 1324-2","서울특별시 서초구 서초대로70길 32 (서초동)","06623","코오롱글로벌(주)스포렉스 서초점(본관)","2022-04-19 17:28:57","U","2021-12-03 22:01:00.0","","201996.383632718","443517.33412224"
"3210000","CDFH3301261991000004","19910704","","01","영업/정상","13","영업중","","","","","580-8234","","137857","서울특별시 서초구 서초동 1324-14","서울특별시 서초구 서초대로70길 32 (서초동)","06623","코오롱글로벌(주)스포렉스 서초점(신관)","2022-04-19 17:31:41","U","2021-12-03 22:01:00.0","","201993.714242549","443438.041140726"
"3010000","CDFH3301262018000001","20180611","","01","영업/정상","13","영업중","","","","","02-3425-8000","","","서울특별시 중구 을지로6가 58-5 ","서울특별시 중구 을지로 238, 노보텔앰배서더 20층 (을지로6가)","04561","인발란스","2021-04-14 16:21:47","U","2021-04-16 02:40:00.0","","200314.646974736    ","451554.066925226    "
"3010000","CDFH3301261989000002","1989-12-30","","01","영업/정상","13","영업중","","","","","","","100-070","서울특별시 중구 소공동 1","","","호텔롯데헬스센타","2023-02-17 14:55:12","U","2022-12-01 23:09:00.0","","198259.65357739","451392.198218657"
"3220000","CDFH3301261989000003","19891226","","01","영업/정상","13","영업중","","","","","02-559-7529","","135090","서울특별시 강남구 삼성동 159-8","서울특별시 강남구 테헤란로 521 (삼성동)","","메트로폴리탄헬스클럽","2022-04-08 16:46:40","U","2021-12-03 23:02:00.0","","205314.159889285","445204.709309676"
"3010000","CDFH3301261998000002","19980124","","01","영업/정상","13","영업중","","","","","","","100102","서울특별시 중구 태평로2가 23 ","서울특별시 중구 소공로 109 (태평로2가)","100102","플라자 휘트니스클럽","2021-12-03 17:48:11","U","2021-12-05 02:40:00.0","","197979.021229862    ","451376.783371586    "
"3140000","CDFH3301262000000002","2000-10-28","","01","영업/정상","13","영업중","","","","","02-2062-2187","","158-050","서울특별시 양천구 목동 908-28","서울특별시 양천구 목동동로 401 (목동)","07984","애시앙 스포츠센터(목동)","2023-02-27 10:04:59","U","2022-12-03 00:01:00.0","","189423.528553032","448240.505845376"
"3000000","CDFH3301262007000003","20070806","","03","폐업","03","폐업","20211005","","","","02-738-5005","","","서울특별시 종로구 종로1가 24 르메이에르종로타운1 ","서울특별시 종로구 종로 19, 르메이에르종로타운1 (종로1가)","03157","르메이에르스포츠 종로센터","2021-10-05 14:54:18","U","2021-10-07 02:40:00.0","","198150.300374121    ","452019.212642931    "
"3220000","CDFH3301262002000001","20020219","","03","폐업","03","폐업","20220426","","","","02-3413-7400","","135939","서울특별시 강남구 개포동 13-3","서울특별시 강남구 개포로 623  (개포동)","","(주)대청레포츠센터","2022-04-26 17:35:10","U","2021-12-03 22:08:00.0","","206970.919291372","443574.411625824"
"3120000","CDFH3301262002000001","20020408","","03","폐업","03","폐업","20220427","","","","02-3216-5656","","120845","서울특별시 서대문구 홍은동 201-1","서울특별시 서대문구 연희로 353 (홍은동)","","스위스그랜드호텔","2022-04-27 14:55:42","U","2021-12-03 22:09:00.0","","194211.997213753","454098.970268002"
"3210000","CDFH3301262000000001","2000-06-23","","01","영업/정상","13","영업중","","","","","3470-0603","","137-880","서울특별시 서초구 서초동 1645-0","서울특별시 서초구 서초대로64길 76-21 (서초동)","","삼성라이온즈레포츠센터","2023-02-13 16:01:37","U","2022-12-01 23:05:00.0","","201836.199766856","443284.171448529"
"3000000","CDFH3301262002000003","20020527","","03","폐업","03","폐업","20051101","","","","","","110846","서울특별시 종로구 평창동 108-2번지 ","","","(주)올림피아스위트","2005-11-02 10:29:18","I","2018-08-31 23:59:59.0","","197949.002174181    ","456478.436790904    "
"3000000","CDFH3301262014000001","2014-01-27","","01","영업/정상","13","영업중","","","","","02-778-0501","","110-784","서울특별시 종로구 종로6가 289-3","서울특별시 종로구 청계천로 279 (종로6가)","03198","클럽501","2023-05-15 16:22:02","U","2022-12-04 23:07:00.0","","200717.7490316","452011.865092338"
"3000000","CDFH3301262002000001","20020109","","03","폐업","03","폐업","20200630","","","","02-746-7788","","110280","서울특별시 종로구 원서동 206-4 ","서울특별시 종로구 창덕궁길 19 (원서동)","03058","현대엔지니어링 주식회사","2020-07-01 14:22:35","U","2020-07-03 02:40:00.0","","198924.989607812    ","452899.526098556    "
"3000000","CDFH3301262002000002","20020109","","01","영업/정상","13","영업중","","","","","02-747-9000","","","서울특별시 종로구 연지동 136-74번지 서울보증보험 ","서울특별시 종로구 김상옥로 29 (연지동)","03128","서울스포츠클럽","2020-01-23 15:42:37","U","2020-01-25 02:40:00.0","","199998.556147267    ","452379.49778015     "
"3000000","CDFH3301261989000001","19891230","","01","영업/정상","13","영업중","","","","","02-735-4612","","","서울특별시 종로구 종로2가 9번지 YMCA ","서울특별시 종로구 종로 69 (종로2가)","03164","서울기독교청년회","2018-01-08 16:56:14","I","2018-08-31 23:59:59.0","","198630.79627088     ","452035.412646906    "
"3000000","CDFH3301262020000001","20200319","","01","영업/정상","13","영업중","","","","","02-1661-0835","","","서울특별시 종로구 청운동 123번지 청운초등학교 ","서울특별시 종로구 자하문로 105, 청운초등학교 (청운동)","03032","청운스포렉스","2020-03-19 17:32:54","I","2020-03-21 00:23:22.0","","197224.271406687    ","453711.382151747    "
"3220000","CDFH3301262021000003","20211108","","01","영업/정상","13","영업중","","","","","","","","서울특별시 강남구 논현동 211-21 ","서울특별시 강남구 언주로 641, 지하2층 (논현동)","06105","펜트힐스포츠","2021-11-08 12:21:59","I","2021-11-10 00:22:45.0","","203021.90910205     ","445735.022021415    "
"3220000","CDFH3301261995000001","19951219","","01","영업/정상","13","영업중","","","","","02-3440-8000","","135832","서울특별시 강남구 논현동 248-7번지 ","서울특별시 강남구 언주로 640 (논현동)","","(주)태승21임피리얼팰리스호텔","2018-04-13 14:05:16","I","2018-08-31 23:59:59.0","","203102.074986325    ","445751.652027981    "
"3230000","CDFH3301262006000001","20060320","","04","취소/말소/만료/정지/중지","35","직권말소","20151106","","","","2143-0700","","138727","서울특별시 송파구 신천동 7-18번지 롯데캐슬골드 프라자9층 ","서울특별시 송파구 올림픽로 269, 9층 (신천동, 롯데캐슬골드)","05510","스포캐슬 골드 휘트니스","2015-11-06 17:18:24","I","2018-08-31 23:59:59.0","","208836.192051204    ","445807.727388799    "
"3000000","CDFH3301262020000002","20201005","","01","영업/정상","13","영업중","","","","","02-582-0045","","","서울특별시 종로구 신문로2가 171 ","서울특별시 종로구 새문안로2길 10, 지하2층 (신문로2가)","03184","디팰리스스포츠클럽","2020-10-14 10:39:44","U","2020-10-16 02:40:00.0","","197456.811124456    ","451809.570431229    "
"3000000","CDFH3301262007000001","20070312","20150817","04","취소/말소/만료/정지/중지","32","신고취소","","","","","02-732-9393","","110054","서울특별시 종로구 사직동 284-1번지 ","서울특별시 종로구 인왕산로1길 21 (사직동)","","종로문화체육센터","2015-08-18 10:41:54","I","2018-08-31 23:59:59.0","","196809.4580779      ","452443.309152474    "
"3000000","CDFH3301261998000001","19980226","20150817","04","취소/말소/만료/정지/중지","32","신고취소","","","","","02-745-6702","","110530","서울특별시 종로구 혜화동 1-21번지 ","서울특별시 종로구 성균관로 91 (혜화동)","","올림픽기념 국민생활관","2015-08-18 10:43:07","I","2018-08-31 23:59:59.0","","199828.159948935    ","454227.479528793    "
"3000000","CDFH3301262000000001","20001006","20150817","04","취소/말소/만료/정지/중지","32","신고취소","","","","","02-3673-4071","","110840","서울특별시 종로구 창신동 222-8번지 ","서울특별시 종로구 지봉로5길 7-5 (창신동)","03104","종로구민회관","2015-08-18 10:43:54","I","2018-08-31 23:59:59.0","","201209.944592706    ","452357.959432655    "
"3010000","CDFH3301262013000001","20130219","","03","폐업","03","폐업","20210715","","","","02-2220-8220","","100141","서울특별시 중구 의주로1가 202 ","","","(주)디에스디엘 프레이저 플레이스 호텔","2021-07-15 10:10:21","U","2021-07-17 02:40:00.0","","197249.283866944    ","451147.749970952    "
"3010000","CDFH3301261995000002","19951012","","03","폐업","03","폐업","19991011","","","","","","100879","서울특별시 중구 흥인동 13-1번지 ","","","(주)한국스포랜드","2003-02-11 17:52:00","I","2018-08-31 23:59:59.0","","201442.039019479    ","451619.845549151    "
"3010000","CDFH3301261996000001","19960108","","03","폐업","03","폐업","20060719","","","","","","100282","서울특별시 중구 인현동2가 73-1번지 ","","","오일관광(주)풍전호텔","2006-07-31 11:47:50","I","2018-08-31 23:59:59.0","","199550.506270874    ","451392.219693582    "
"3240000","CDFH3301262002000001","20020822","","03","폐업","03","폐업","20181227","","","","2041-6114","","","서울특별시 강동구 둔촌동 172-2번지 둔촌올림픽스포츠센터 ","서울특별시 강동구 양재대로84길 33-17 (둔촌동)","05411","(주)월드스포피아","2018-12-27 13:57:25","U","2018-12-29 02:40:00.0","","212017.544442379    ","446859.875435823    "
"3010000","CDFH3301262010000001","20100722","","01","영업/정상","13","영업중","","","","","02-2231-9313","","100455","서울특별시 중구 신당동 산 161번지 성동고등학교내 ","","","(주)한국스포터(성동교육문화관)","2012-03-27 13:00:34","I","2018-08-31 23:59:59.0","","",""
"3010000","CDFH3301262017000001","20170623","","01","영업/정상","13","영업중","","","","","02-2231-9363","","","서울특별시 중구 신당동 330-2번지 ","서울특별시 중구 다산로 170 (신당동, 청구초등학교)","04589","청구교육문화관","2019-01-16 17:54:31","U","2019-01-18 02:40:00.0","","201182.623408307    ","450681.887314718    "
"3000000","CDFH3301262015000001","20150731","","01","영업/정상","13","영업중","","","","","02-6388-5390","","","","서울특별시 종로구 새문안로 97 (당주동)","03183","Four Seasons Club Seoul(포시즌스 클럽 서울)","2022-09-13 16:49:05","U","2021-12-08 23:05:00.0","","197764","452030"
"3010000","CDFH3301261989000001","19891230","","01","영업/정상","13","영업중","","","","","","","100856","서울특별시 중구 장충동2가 202-0번지 ","","","호텔신라","2013-07-16 11:16:26","I","2018-08-31 23:59:59.0","","200463.625303538    ","450497.460903907    "
"3010000","CDFH3301261990000001","19900725","","01","영업/정상","13","영업중","","","","","","","100857","서울특별시 중구 장충동2가 산 5-5번지 ","","","(주)타워호텔","2003-02-11 17:52:00","I","2018-08-31 23:59:59.0","","200193.232424569    ","449809.744684888    "
"3010000","CDFH3301261995000001","19950114","","01","영업/정상","13","영업중","","","","","","","100070","서울특별시 중구 소공동 87-1 ","","","(주)조선호텔앤리조트 CAC클럽","2021-07-19 16:34:31","U","2021-07-21 02:40:00.0","","198172.151119488    ","451350.969223428    "
"3010000","CDFH3301261998000001","19980124","","01","영업/정상","13","영업중","","","","","","","100855","서울특별시 중구 장충동2가 186-54 ","","","웰니스 센터","2021-12-02 13:21:35","U","2021-12-04 02:40:00.0","","200141.998469463    ","450878.102981055    "
"3020000","CDFH3301261991000001","19910924","","03","폐업","03","폐업","20140519","","","","","","140709","서울특별시 용산구 동자동 12번지 ","서울특별시 용산구 후암로 107  (동자동)","","(주)스포파크 서울역센터","2014-05-19 17:45:09","I","2018-08-31 23:59:59.0","","197593.304078325    ","450126.951675139    "
"3020000","CDFH3301262000000001","20000825","","03","폐업","03","폐업","20100428","","","","","","140884","서울특별시 용산구 한남동 264-2번지 외7필지 ","","","록정개발(주)아마랜스 휘트니스클럽","2013-05-09 15:23:45","I","2018-08-31 23:59:59.0","","",""
"3020000","CDFH3301262003000001","20031224","","03","폐업","03","폐업","20171031","","","","798-5433","","","서울특별시 용산구 한남동 805번지 ","서울특별시 용산구 서빙고로 413 (한남동, 한남동 하이페리온)","04416","라이프스포츠클럽","2017-10-31 17:55:10","I","2018-08-31 23:59:59.0","","200357.541925483    ","447271.660261703    "
"3020000","CDFH3301261990000003","19901221","","03","폐업","03","폐업","20210112","","","","","","140856","서울특별시 용산구 이태원동 260-199 ","서울특별시 용산구 소월로 272 (이태원동, 남송빌딩)","04342","남산체육관","2021-01-12 17:25:38","U","2021-01-14 02:40:00.0","","199214.10239741     ","448891.794439538    "
"3020000","CDFH3301262017000001","20170927","","01","영업/정상","13","영업중","","","","","02-2223-7000","","","서울특별시 용산구 한강로3가 40-969 ","서울특별시 용산구 청파로20길 95, A,C동 4,6,7층 (한강로3가, 서울드래곤시티)","04372","서울드래곤시티피트니스클럽","2021-06-02 09:24:50","U","2021-06-04 02:40:00.0","","196610.663839509    ","447742.348636253    "
"3020000","CDFH3301262018000001","20180403","","01","영업/정상","13","영업중","","","","","02-6261-1200","","","서울특별시 용산구 한남동 805번지 한남동 하이페리온 101동 101호","서울특별시 용산구 서빙고로 413, 101동 B1층 101-103호 (한남동, 한남동 하이페리온)","04416","웰페리온 스파앤피트니스","2018-04-03 14:10:28","I","2018-08-31 23:59:59.0","","200357.541925483    ","447271.660261703    "
"3020000","CDFH3301261990000001","19901113","","01","영업/정상","13","영업중","","","","","","","","서울특별시 용산구 이태원동 22-76 몬드리안 서울 이태원 ","서울특별시 용산구 장문로 23, 몬드리안 서울 이태원 (이태원동)","04392","몬드리안 서울 이태원 휘트니스센터","2021-04-02 09:33:52","U","2021-04-04 02:40:00.0","","199337.628628981    ","447413.487156381    "
"3030000","CDFH3301262007000001","20070621","","03","폐업","03","폐업","20100601","","","","02-2247-3300","","133851","서울특별시 성동구 용답동 223-5번지 BF1, 5층 ","","","한국체육지도자총연합회연수원","2010-06-01 16:18:46","I","2018-08-31 23:59:59.0","","204934.319835624    ","451032.958798449    "
"3040000","CDFH3301261992000001","19920326","","03","폐업","03","폐업","20040607","","","","02-454-3691","","143802","서울특별시 광진구 광장동 114번지 ","서울특별시 광진구 아차산로78길 44  (광장동)","","(주)현대프로세스","2004-12-02 17:00:17","I","2018-08-31 23:59:59.0","","209637.078215509    ","449832.485937903    "
"3040000","CDFH3301261992000002","19921014","","03","폐업","03","폐업","20110131","","","","2204-6094~5","","143847","서울특별시 광진구 능동 18-11번지 ","","","어린이회관아이스링크","2013-03-28 10:47:55","I","2018-08-31 23:59:59.0","","206808.576422948    ","449396.05799662     "
"3040000","CDFH3301261995000001","19950418","","03","폐업","03","폐업","20031101","","","","456-5141","","143815","서울특별시 광진구 광장동 573-1번지 ","","","구의현대스포츠센타","2003-12-26 15:42:11","I","2018-08-31 23:59:59.0","","208505.215590144    ","448701.864851016    "
"3040000","CDFH3301261999000001","19991124","","03","폐업","03","폐업","20110131","","","","02-450-9334","","143847","서울특별시 광진구 능동 18-0번지 ","","","어린이대공원아이스링크","2013-03-28 10:50:56","I","2018-08-31 23:59:59.0","","207138.865762508    ","449705.690586932    "
"3010000","CDFH3301261993000001","19930219","","03","폐업","03","폐업","20221230","","","","","","100095","서울특별시 중구 남대문로5가 395","서울특별시 중구 소월로 50 (남대문로5가)","100095","(주)씨디엘호텔코리아","2023-01-03 14:34:14","U","2022-12-01 00:05:00.0","","197762.501510022","450337.580626313"
"3020000","CDFH3301261990000002","1990-11-13","","01","영업/정상","13","영업중","","","","","02-799-8510","","","서울특별시 용산구 한남동 747-7","서울특별시 용산구 소월로 322 (한남동, 하얏트호텔)","04347","서울미라마 유한회사 그랜드 하얏트 서울","2023-07-03 18:24:11","U","2022-12-07 00:05:00.0","","199737.097413554","448587.753314794"
"3050000","CDFH3301262015000001","20150707","","01","영업/정상","13","영업중","","","","","02-2213-2748","","130853","서울특별시 동대문구 전농동 188번지 ","서울특별시 동대문구 전농로 172 (전농동)","02505","(주)리스타트온 전곡스포츠센터","2019-08-29 09:17:07","U","2019-08-31 02:40:00.0","","204921.328296424    ","453133.448301686    "
"3050000","CDFH3301261999000001","19991207","","04","취소/말소/만료/정지/중지","35","직권말소","","","","","2246-1281","","130841","서울특별시 동대문구 장안동 356-0번지 구민체육센터 ","","","(재)기독교 청년회 유지재단","2020-04-27 17:33:39","U","2020-04-29 02:40:00.0","","206464.060139046    ","451657.395402106    "
"3060000","CDFH3301262019000001","20190607","","04","취소/말소/만료/정지/중지","35","직권말소","20201014","","","","02-6218-8000","","","서울특별시 중랑구 망우동 440 면일초등학교 ","서울특별시 중랑구 용마산로100길 13, 면일체육문화센터 (망우동)","02184","면일체육문화센터","2020-11-19 11:23:54","U","2020-11-21 02:40:00.0","","208707.010977979    ","454412.162207365    "
"3060000","CDFH3301262012000001","20120222","","04","취소/말소/만료/정지/중지","35","직권말소","20201014","","","","02-432-8008","","","서울특별시 중랑구 면목동 380 중곡초등학교 ","서울특별시 중랑구 면목로23길 20 (면목동)","02245","중곡 스포렉스","2020-11-19 11:22:13","U","2020-11-21 02:40:00.0","","207318.883460369    ","452454.89800934     "
"3070000","CDFH3301262002000001","20020522","","03","폐업","03","폐업","20051030","","","","927-4195","","136075","서울특별시 성북구 안암동5가 1-2번지 외23필지 ","서울특별시 성북구 인촌로 99-14 (안암동5가,외23필지)","","고려대학교실내아이스링크","2014-08-29 11:49:31","I","2018-08-31 23:59:59.0","","202789.692329185    ","454049.551940162    "
"3070000","CDFH3301262021000002","20210514","","01","영업/정상","13","영업중","","","","","02-922-9026","","","서울특별시 성북구 동소문동6가 27-1 서울돈암초등학교 ","서울특별시 성북구 동소문로13길 38, 서울돈암초등학교 (동소문동6가)","02830","돈암문화스포츠센터","2021-05-14 09:28:51","I","2021-05-16 00:23:06.0","","201077.338360506    ","454560.112910776    "
"3080000","CDFH3301261989000001","19891226","","03","폐업","03","폐업","20050816","","","","904-4232","","142883","서울특별시 강북구 수유동 523-2번지 ","","","삼원레져","2005-08-16 11:11:43","I","2018-08-31 23:59:59.0","","",""
"3080000","CDFH3301261991000001","19910429","","03","폐업","03","폐업","20080326","","","","986-2000","","142804","서울특별시 강북구 미아동 42-8번지 ","서울특별시 강북구 도봉로 16  (미아동)","","호텔빅토리아휘트니스","2008-03-26 14:03:35","I","2018-08-31 23:59:59.0","","202651.538047427    ","456473.886142136    "
"3090000","CDFH3301262016000001","20161108","","01","영업/정상","13","영업중","","","","","904-9633","","","서울특별시 도봉구 창동 804 ","서울특별시 도봉구 덕릉로63가길 61 (창동, 창동대우아파트)","01465","대우스포츠센터","2020-11-04 15:52:24","U","2020-11-06 02:40:00.0","","203242.968498731    ","460001.081136921    "
"3100000","CDFH3301261997000001","19970430","","03","폐업","03","폐업","20120328","","","","","","139872","서울특별시 노원구 하계동 251-7번지 ","서울특별시 노원구 노원로 247  (하계동)","","서울온천스포츠타운","2012-03-28 10:49:27","I","2018-08-31 23:59:59.0","","206406.483118126    ","459684.700181354    "
"3100000","CDFH3301262002000002","20021031","","03","폐업","03","폐업","20060125","","","","","","139861","서울특별시 노원구 중계동 364-17번지 유경데파트8층 ","서울특별시 노원구 한글비석로 232  (중계동,유경데파트8층)","","유경스포츠센타","2006-08-24 11:24:44","I","2018-08-31 23:59:59.0","","206719.586259379    ","460669.836412326    "
"3100000","CDFH3301262004000001","20040619","","03","폐업","03","폐업","20040705","","","","","","139831","서울특별시 노원구 상계동 764-1번지 지층 ","서울특별시 노원구 동일로 1323  (상계동,지층)","","우리스포츠센타","2004-07-23 14:12:49","I","2018-08-31 23:59:59.0","","205457.289886391    ","460487.443375594    "
"3100000","CDFH3301262004000002","20040723","","03","폐업","03","폐업","20041202","","","","","","139831","서울특별시 노원구 상계동 764-1번지 지층 ","서울특별시 노원구 동일로 1323  (상계동,지층)","","하라스포츠","2006-08-24 11:25:41","I","2018-08-31 23:59:59.0","","205457.289886391    ","460487.443375594    "
"3110000","CDFH3301261992000001","19920727","","03","폐업","03","폐업","20031015","","","","382-7001","","122819","서울특별시 은평구 구산동 1-24번지 ","서울특별시 은평구 서오릉로 145  (구산동)","","은평스포츠프라자","2004-02-03 16:31:38","I","2018-08-31 23:59:59.0","","192563.874496397    ","456570.084566278    "
"3110000","CDFH3301261997000001","19971101","","03","폐업","03","폐업","20091113","","","","358-2070","","122845","서울특별시 은평구 대조동 231번지 삼성상가 지층동 1,2호","서울특별시 은평구 서오릉로 94, 지층동 1,2호 (대조동,삼성상가)","","삼정스포렉스","2009-11-13 09:45:38","I","2018-08-31 23:59:59.0","","193019.403382395    ","456302.92877653     "
"3120000","CDFH3301261999000001","19990202","","03","폐업","03","폐업","20010220","","","","","","120854","서울특별시 서대문구 홍제동 12-0번지 홍제원현대(아) 상가 201동 B2 ","","","현대스포츠센타","2003-02-07 11:05:36","I","2018-08-31 23:59:59.0","","",""
"3120000","CDFH3301262000000001","20000113","","03","폐업","03","폐업","20080114","","","","","","120800","서울특별시 서대문구 남가좌동 2-4번지 ","서울특별시 서대문구 명지대길 103 (남가좌동)","","충암문화스포츠센터","2014-02-06 14:43:26","I","2018-08-31 23:59:59.0","","193112.624510173    ","453607.908883612    "
"3110000","CDFH3301262022000001","20220225","","01","영업/정상","13","영업중","","","","","02-376-0070","","","서울특별시 은평구 증산동 212 증산초등학교","서울특별시 은평구 증산서길 61, 증산초등학교 (증산동)","03493","제이(J) 스포츠","2022-09-22 11:01:25","U","2021-12-08 22:04:00.0","","191494.183129866","453352.138713529"
"3120000","CDFH3301262005000001","20050425","","01","영업/정상","13","영업중","","","","","","","","서울특별시 서대문구 창천동 29-81 지하 3,4,5,6층 ","서울특별시 서대문구 신촌로 109, 신촌르메이에르타운5 (창천동)","03779","헬스보이짐 프리미엄","2020-10-22 17:54:16","U","2020-10-24 02:40:00.0","","194474.81938437     ","450422.374151297    "
"3070000","CDFH3301262021000001","2021-03-11","","01","영업/정상","13","영업중","","","","","02-919-9300","","","서울특별시 성북구 장위동 68-8 서울장위초등학교","서울특별시 성북구 장월로8가길 41, 서울장위초등학교 (장위동)","02769","한국스포츠개발 짐리턴 성북 장위교육문화관","2023-06-12 16:16:49","U","2022-12-05 23:04:00.0","","204335.161989303","456645.314725935"
"3210000","CDFH3301261999000003","19991207","","03","폐업","03","폐업","20091231","","","","595-8545","","137804","서울특별시 서초구 반포동 66-1번지 ","서울특별시 서초구 사평대로 140  (반포동)","","코웰스포츠","2010-07-14 11:10:27","I","2018-08-31 23:59:59.0","","199898.194565912    ","444240.21711088     "
"3120000","CDFH3301262011000001","20110315","","01","영업/정상","13","영업중","","","","","02-3147-2191","","","서울특별시 서대문구 북아현동 215번지 북성초등학교 ","서울특별시 서대문구 북아현로1나길 22, 북성초등학교 (북아현동)","03769","북성스포츠센터","2019-11-04 17:10:50","U","2019-11-06 02:40:00.0","","195688.092989832    ","450774.846649942    "
"3130000","CDFH3301261989000001","19891230","","03","폐업","03","폐업","20051129","","","","330-7513","","121838","서울특별시 마포구 서교동 354-5번지 ","서울특별시 마포구 양화로 130  (서교동)","","(주)호텔서교","2005-12-02 16:30:18","I","2018-08-31 23:59:59.0","","192971.947727746    ","450243.232547428    "
"3130000","CDFH3301261992000001","19920918","","03","폐업","03","폐업","20061011","","","","706-3636","","121875","서울특별시 마포구 용강동 111-0번지 스포츠시티 ","서울특별시 마포구 토정로 299  (용강동,스포츠시티)","","스포츠시티","2007-01-19 09:25:41","I","2018-08-31 23:59:59.0","","194871.647913818    ","448753.761298684    "
"3130000","CDFH3301262009000001","20090517","","01","영업/정상","13","영업중","","","","","714-9633","","121100","서울특별시 마포구 노고산동 33-1번지 창천초등학교 내 ","서울특별시 마포구 백범로1길 56 (노고산동,창천초등학교 내)","04102","창천교육문화관","2019-06-20 10:26:51","U","2019-06-22 02:40:00.0","","194577.192321587    ","450275.481643642    "
"3130000","CDFH3301262011000001","20110113","","01","영업/정상","13","영업중","","","","","02-392-8006","","121859","서울특별시 마포구 아현동 267-1 아현초등학교 옆","서울특별시 마포구 마포대로 247 (아현동, 아현초등학교 옆)","04117","아현스포렉스","2022-12-07 19:25:28","U","2021-11-02 00:09:00.0","","196140.049195966","450474.166109915"
"3140000","CDFH3301261990000001","19900511","","03","폐업","03","폐업","20070613","","","","","","158842","서울특별시 양천구 신월동 575-17번지 ","서울특별시 양천구 남부순환로79길 37  (신월동)","","신곡로울러스케이트","2007-06-13 15:47:00","I","2018-08-31 23:59:59.0","","186065.684789257    ","446251.76410763     "
"3140000","CDFH3301262016000001","20160901","","01","영업/정상","13","영업중","","","","","02-2652-8083","","","서울특별시 양천구 목동 900-21번지 ","서울특별시 양천구 목동서로 20, 지하1,2층,지상2층 (목동)","07978","서울특별시립 양천주민편익시설","2017-09-20 16:41:29","I","2018-08-31 23:59:59.0","","189652.39063982     ","448786.041926499    "
"3140000","CDFH3301262000000001","20000513","","04","취소/말소/만료/정지/중지","35","직권말소","20120130","","","","2647-4972","","158050","서울특별시 양천구 목동 905-22번지 ","서울특별시 양천구 목동동로 339  (목동)","","(주)목동월드짐","2012-01-30 14:35:21","I","2018-08-31 23:59:59.0","","189042.496526196    ","447777.835760268    "
"3150000","CDFH3301262001000001","20011221","","03","폐업","03","폐업","20011221","","","","3663-2882","","157859","서울특별시 강서구 염창동 70번지 외 2필지 ","서울특별시 강서구 양천로67길 71-17  (염창동,외 2필지)","","(주) 강변스포츠월드","2005-12-23 18:06:23","I","2018-08-31 23:59:59.0","","188518.776948398    ","450556.465023966    "
"3150000","CDFH3301261996000001","19961226","","03","폐업","03","폐업","19961226","","","","3665-3399","","157859","서울특별시 강서구 염창동 70번지 외 2필지 ","서울특별시 강서구 양천로67길 71-17  (염창동,외 2필지)","","(주)강변스포츠월드","2005-12-23 18:21:24","I","2018-08-31 23:59:59.0","","188518.776948398    ","450556.465023966    "
"3150000","CDFH3301262018000001","20180228","","01","영업/정상","13","영업중","","","","","2666-0053","","","서울특별시 강서구 마곡동 743-4번지 마곡엠밸리7단지 704동 지하1,2,지상1층 101호 ","서울특별시 강서구 마곡서로 133, 704동 지하1,2,지상1층 101호 (마곡동, 마곡엠밸리7단지)","07798","M밸리레포츠","2018-03-02 08:21:21","I","2018-08-31 23:59:59.0","","184368.686658363    ","451726.49215700000  "
"3130000","CDFH3301262011000002","20110121","","01","영업/정상","13","영업중","","","","","02-713-5530","","","서울특별시 마포구 신수동 445-1 신석초등학교","서울특별시 마포구 대흥로 33, 신석초등학교 11동 지1, 1,2층 (신수동)","04090","(주)다빈홀딩스 신석스포렉스","2022-12-08 15:31:44","U","2021-11-01 23:00:00.0","","194426.939775362","449069.039718428"
"3120000","CDFH3301262011000002","20110714","","01","영업/정상","13","영업중","","","","","395-4422","","120101","서울특별시 서대문구 홍은동 48 홍제초등학교 내","서울특별시 서대문구 홍은중앙로 13 (홍은동,홍제초등학교 내)","","주식회사 인투스포츠 홍제스포렉스","2022-12-20 11:36:23","U","2021-11-01 22:02:00.0","","194976.3838965","454477.712168964"
"3160000","CDFH3301262011000001","20110919","","03","폐업","03","폐업","20211101","","","","02-2211-1687","","152888","서울특별시 구로구 신도림동 692 디큐브시티 타워동 호텔호 28,27층 ","서울특별시 구로구 경인로 662 (신도림동,디큐브시티 타워동 호텔호 28,27층)","08209","Sheraton  Fitness","2021-11-01 11:23:52","U","2021-11-03 02:40:00.0","","190107.045415333    ","445157.626366229    "
"3160000","CDFH3301262018000001","20181126","","01","영업/정상","13","영업중","","","","","028519388","","","서울특별시 구로구 구로동 253번지 구로남초등학교 ","서울특별시 구로구 디지털로27길 76, 구로남초등학교 (구로동)","08375","구로남 체육센터","2018-11-26 10:46:02","I","2018-11-28 02:20:01.0","","190272.330766308    ","442529.889446924    "
"3180000","CDFH3301261995000001","19950701","","03","폐업","03","폐업","20170621","","","","2165-8300","","150105","서울특별시 영등포구 양평동5가 41-1번지 ","서울특별시 영등포구 양평로 153  (양평동5가)","","스파박스 스포츠센타","2017-06-21 13:58:58","I","2018-08-31 23:59:59.0","","190292.658514827    ","448525.658592957    "
"3180000","CDFH3301261995000002","19950722","","03","폐업","03","폐업","20101222","","","","782-0979","","150891","서울특별시 영등포구 여의도동 45-3번지 ","서울특별시 영등포구 국제금융로8길 27-8  (여의도동)","","여의도스포츠센타","2010-12-22 17:21:30","I","2018-08-31 23:59:59.0","","193598.536439636    ","446357.770653118    "
"3130000","CDFH3301262011000004","2011-12-08","","02","휴업","02","휴업","","2023-06-09","2025-06-30","","070-4271-8090","","121-877","서울특별시 마포구 중동 64-2","서울특별시 마포구 월드컵북로38길 21 (중동, 한국우진학교)","03934","한국우진학교","2023-06-09 16:38:20","U","2022-12-05 23:01:00.0","","191389.086502386","452149.876908843"
"3180000","CDFH3301262000000001","20000317","","03","폐업","03","폐업","20080225","","","","789-5392","","150896","서울특별시 영등포구 여의도동 60-0번지 ","서울특별시 영등포구 63로 50  (여의도동)","","63헬스센타","2008-03-11 09:49:58","I","2018-08-31 23:59:59.0","","194632.526367463    ","446401.926526228    "
"3170000","CDFH3301261997000001","19970701","","03","폐업","03","폐업","20221207","","","","3282-6140","","153821","서울특별시 금천구 독산동 1030-1","서울특별시 금천구 시흥대로 378 (독산동)","08580","노보텔 앰배서더 독산 휘트니스 클럽","2022-12-07 17:58:17","U","2021-11-02 00:09:00.0","","190941.203218878","440593.5758415"
"3180000","CDFH3301262012000001","20120904","","01","영업/정상","13","영업중","","","","","02-6137-7081","","150010","서울특별시 영등포구 여의도동 23-1번지 ","서울특별시 영등포구 국제금융로 10, 8층 (여의도동)","07326","펄스에이트(Pulse8)","2017-12-12 08:40:13","I","2018-08-31 23:59:59.0","","193407.473067714    ","447036.978914386    "
"3180000","CDFH3301262021000001","20210126","","01","영업/정상","13","영업중","","","","","0233956000","","","서울특별시 영등포구 여의도동 22 파크원 ","서울특별시 영등포구 여의대로 108, 파크원 지하1층 (여의도동)","07335","페어몬트 피트(FAIRMONT FIT)","2021-12-06 16:07:26","U","2021-12-08 02:40:00.0","","193592.000380036    ","447092.629432527    "
"3190000","CDFH3301261998000002","19980628","","03","폐업","03","폐업","20100330","","","","849-8761","","156852","서울특별시 동작구 신대방동 565-22번지 4층-7층 ","서울특별시 동작구 여의대방로 2  (신대방동,4층-7층)","","우성스포츠센타","2010-03-30 12:10:39","I","2018-08-31 23:59:59.0","","191963.162407762    ","443343.723576129    "
"3190000","CDFH3301261996000001","19960520","","03","폐업","03","폐업","20000730","","","","834-9500","","156849","서울특별시 동작구 신대방동 395-68번지 ","서울특별시 동작구 보라매로5가길 24  (신대방동)","","나산 CLC","2003-04-18 11:54:21","I","2018-08-31 23:59:59.0","","193204.782207917    ","443168.51356024     "
"3190000","CDFH3301262018000001","20180314","","01","영업/정상","13","영업중","","","","","02-822-2426","","","서울특별시 동작구 대방동 345-1번지 서울여성플라자 ","서울특별시 동작구 여의대방로54길 18, 서울여성플라자 (대방동)","06939","사단법인 대한생활체육지도자연합회 동작지부","2019-12-16 13:29:53","U","2019-12-18 02:40:00.0","","193488.803913749    ","445486.44432686     "
"3190000","CDFH3301262001000001","20010205","","04","취소/말소/만료/정지/중지","35","직권말소","","","","","826-4411","","156811","서울특별시 동작구 대방동 401-9번지 ","서울특별시 동작구 여의대방로24가길 28 (대방동)","","신라스포츠","2015-03-06 14:06:22","I","2018-08-31 23:59:59.0","","192967.29528336     ","444142.482106094    "
"3200000","CDFH3301261993000001","19930119","","03","폐업","03","폐업","19970612","","","","","","151930","서울특별시 관악구 신림동 1638-32번지 ","서울특별시 관악구 신림로59길 23  (신림동)","","삼모스포렉스","2009-08-28 13:52:53","I","2018-08-31 23:59:59.0","","193610.797201552    ","442281.285348422    "
"3200000","CDFH3301262000000001","20001011","","03","폐업","03","폐업","20170221","","","","02-871-3636","","151831","서울특별시 관악구 봉천동 722-19번지 ","서울특별시 관악구 보라매로 44 (봉천동)","","사회복지법인 SRC","2017-02-21 15:18:13","I","2018-08-31 23:59:59.0","","193511.791551264    ","443440.789010155    "
"3200000","CDFH3301261997000001","19970612","","01","영업/정상","13","영업중","","","","","02-878-5281","","151930","서울특별시 관악구 신림동 1638-32 ","서울특별시 관악구 신림로59길 23 (신림동)","08776","삼모스포렉스&스파","2020-10-20 15:28:10","U","2020-10-22 02:40:00.0","","193610.797201552    ","442281.285348422    "
"3200000","CDFH3301262005000001","20050302","","04","취소/말소/만료/정지/중지","35","직권말소","20201118","","","","02-761-0600","","151800","서울특별시 관악구 남현동 1061-18 ","서울특별시 관악구 과천대로 939 (남현동)","08807","르.메이에르강남타운2 스포츠센터","2020-11-18 09:24:35","U","2020-11-20 02:40:00.0","","198284.078546351    ","441368.909286824    "
"3210000","CDFH3301262018000001","20181105","","03","폐업","03","폐업","20211231","","","","031-780-7673","","","서울특별시 서초구 원지동 28 서초종합체육관 ","서울특별시 서초구 양재대로12길 73-48, 서초종합체육관 (원지동)","06803","코오롱글로벌(주)스포렉스 양재점","2021-12-31 15:04:17","U","2022-01-02 02:40:00.0","","203633.72843558     ","439645.62001111     "
"3210000","CDFH3301261991000001","19910420","","03","폐업","03","폐업","20090407","","","","526-9434","","137893","서울특별시 서초구 양재동 202-0번지 ","서울특별시 서초구 바우뫼로12길 70  (양재동)","","서울교육문화회관","2009-04-07 15:49:15","I","2018-08-31 23:59:59.0","","202833.261653939    ","440511.561175378    "
"3210000","CDFH3301261991000002","19910704","","03","폐업","03","폐업","19990915","","","","533-6303","","137800","서울특별시 서초구 반포동 12-0번지 ","","","주)피에스레저스포츠","2014-04-16 10:45:19","I","2018-08-31 23:59:59.0","","199367.291009454    ","444618.275228343    "
"3210000","CDFH3301261991000005","19910704","","03","폐업","03","폐업","19990501","","","","543-1001","","137902","서울특별시 서초구 잠원동 6-1번지 ","서울특별시 서초구 강남대로107길 6  (잠원동)","","(주)호텔리버사이드","2003-04-18 11:31:26","I","2018-08-31 23:59:59.0","","201530.475526772    ","446268.294338007    "
"3210000","CDFH3301261994000002","19940730","","03","폐업","03","폐업","20010928","","","","595-5288","","137803","서울특별시 서초구 반포동 55-2번지 ","서울특별시 서초구 고무래로 18-4  (반포동)","","우주에스엘씨","2003-04-18 11:31:26","I","2018-08-31 23:59:59.0","","200826.536579375    ","444530.367230862    "
"3210000","CDFH3301261999000001","19990419","","03","폐업","03","폐업","20060515","","","","536-2233","","137811","서울특별시 서초구 반포동 1141-0번지 ","","","현대백화점반포점","2014-04-16 10:45:19","I","2018-08-31 23:59:59.0","","198791.788015494    ","444392.672548989    "
"3210000","CDFH3301261999000002","19991002","","03","폐업","03","폐업","20030226","","","","","","137130","서울특별시 서초구 양재동 275-6번지 ","서울특별시 서초구 논현로 87  (양재동)","","삼호레포츠","2003-04-18 11:31:26","I","2018-08-31 23:59:59.0","","203847.029537103    ","441707.819305687    "
"3210000","CDFH3301262003000001","20030324","","03","폐업","03","폐업","20070425","","","","556-3624","","137855","서울특별시 서초구 서초동 1302-2번지 ","서울특별시 서초구 서운로 220  (서초동)","","대지스포츠프라자","2007-04-25 17:05:16","I","2018-08-31 23:59:59.0","","201856.625065785    ","444502.636699224    "
"3210000","CDFH3301262019000001","20190523","","01","영업/정상","13","영업중","","","","","02-6200-7300","","","서울특별시 서초구 신원동 271-21번지 오라카이 청계산호텔 ","서울특별시 서초구 청계산로9길 1-7, 오라카이 청계산호텔 (신원동)","06802","오라카이 청계산호텔 종합체육시설","2019-05-23 18:08:52","I","2019-05-25 02:20:54.0","","204783.612470826    ","438520.182013694    "
"3210000","CDFH3301262013000001","20130412","","01","영업/정상","13","영업중","","","","","02-6710-1808","","137902","서울특별시 서초구 잠원동 6-1번지 ","서울특별시 서초구 강남대로107길 6 (잠원동)","06524","(주)가우플랜 더리버사이드호텔","2015-07-07 17:48:41","I","2018-08-31 23:59:59.0","","201530.475526772    ","446268.294338007    "
"3210000","CDFH3301261992000001","19920201","","01","영업/정상","13","영업중","","","","","2258-8600","","137927","서울특별시 서초구 서초동 1451-34 ","서울특별시 서초구 반포대로 22 (서초동)","","평화스포웰빙","2022-01-06 15:56:39","U","2022-01-08 02:40:00.0","","201055.049081675    ","442298.468220422    "
"3210000","CDFH3301261994000001","19940222","","01","영업/정상","13","영업중","","","","","526-0335","","137889","서울특별시 서초구 양재동 24번지 ","서울특별시 서초구 강남대로 213 (양재동)","06749","스포타임","2012-04-05 10:37:19","I","2018-08-31 23:59:59.0","","203028.520902327    ","442302.889340581    "
"3210000","CDFH3301261994000003","19940823","","01","영업/정상","13","영업중","","","","","597-3232","","137870","서울특별시 서초구 서초동 1490-25번지 외 4 ","서울특별시 서초구 명달로 65  (서초동,외 4)","","일흥스포타운","2010-11-18 14:36:14","I","2018-08-31 23:59:59.0","","200245.053119318    ","442344.440382673    "
"3210000","CDFH3301261994000004","19940927","","01","영업/정상","13","영업중","","","","","597-3303","","137851","서울특별시 서초구 방배동 1025-2번지 ","서울특별시 서초구 방배로 12 (방배동)","","방배현대스포츠클럽","2014-01-16 17:36:25","I","2018-08-31 23:59:59.0","","200071.607598216    ","441553.175701974    "
"3210000","CDFH3301261994000005","19941130","","01","영업/정상","13","영업중","","","","","532-6921","","137830","서울특별시 서초구 방배동 796-27번지 ","서울특별시 서초구 방배로 226 (방배동)","137830","자마이카 휘트니스","2014-04-21 17:21:29","I","2018-08-31 23:59:59.0","","199106.271025753    ","443467.016326339    "
"3210000","CDFH3301261995000001","19951201","","01","영업/정상","13","영업중","","","","","591-6060","","137806","서울특별시 서초구 반포동 114-3번지 ","서울특별시 서초구 사평대로 55 (반포동)","","서초구민체육센터","2017-09-06 09:55:08","I","2018-08-31 23:59:59.0","","199155.94319235     ","444069.63527203     "
"3210000","CDFH3301262002000001","20021113","","01","영업/정상","13","영업중","","","","","6282-6322","","137713","서울특별시 서초구 반포동 19-3번지 ","서울특별시 서초구 신반포로 176 (반포동)","","마르퀴스휘트니스클럽","2020-03-31 10:02:21","U","2020-04-02 02:40:00.0","","200250.447804795    ","444683.220506107    "
"3210000","CDFH3301262021000001","20210811","","01","영업/정상","13","영업중","","","","","02-3462-1600","","","서울특별시 서초구 우면동 671 하이디하우스 ","서울특별시 서초구 성촌4길 11, 하이디하우스 (우면동)","06765","하이디하우스","2021-12-29 09:45:55","U","2021-12-31 02:40:00.0","","201851.907365758    ","440538.66418347     "
"3220000","CDFH3301261997000003","19970825","","02","휴업","02","휴업","","20010901","20011230","","","","135937","서울특별시 강남구 역삼동 837-11번지 ","서울특별시 강남구 강남대로 310  (역삼동)","","(주)유니온 스포츠","2003-02-08 13:47:30","I","2018-08-31 23:59:59.0","","202725.962072631    ","443203.561575728    "
"3220000","CDFH3301262010000001","20101208","","03","폐업","03","폐업","20110112","","","","02-3404-4308","","135502","서울특별시 강남구 대치동 1002번지 코스모타워 지하1층, 지하2층 ","서울특별시 강남구 영동대로 416  (대치동,코스모타워 지하1층, 지하2층)","","코스모 스포테라","2011-02-01 11:16:46","I","2018-08-31 23:59:59.0","","205710.170088377    ","444934.283205797    "
"3220000","CDFH3301262007000001","20070207","","03","폐업","03","폐업","20120112","","","","(02)548-7744","","135733","서울특별시 강남구 논현동 114번지 성암빌딩 지층 ","서울특별시 강남구 언주로 710  (논현동,성암빌딩 지층)","","(주)에이비씨볼링앤스포츠","2012-04-30 16:22:00","I","2018-08-31 23:59:59.0","","203107.189301648    ","446076.805415494    "
"3220000","CDFH3301262007000002","20070604","","03","폐업","03","폐업","20150605","","","","538-2182","","135948","서울특별시 강남구 청담동 4-1번지 청담동 4-1외 9필지 ","서울특별시 강남구 도산대로 442 (청담동,청담동 4-1외 9필지)","","템플럼","2015-06-05 16:21:15","I","2018-08-31 23:59:59.0","","203789.588128352    ","446796.128299612    "
"3220000","CDFH3301262008000001","20080425","","03","폐업","03","폐업","20180227","","","","549-5878","","135829","서울특별시 강남구 논현동 225-6번지 ","서울특별시 강남구 언주로 615  (논현동)","","서울Y.M.C.A강남지회(101)","2018-02-27 22:37:46","I","2018-08-31 23:59:59.0","","203108.361768367    ","445369.429120975    "
"3220000","CDFH3301261998000002","19981216","","03","폐업","03","폐업","20190712","","","","","","135913","서울특별시 강남구 역삼동 653-4번지 ","서울특별시 강남구 언주로 563  (역삼동)","","일진스포월드","2019-07-14 15:40:38","U","2019-07-16 02:40:00.0","","203311.617902145    ","445074.121017059    "
"3220000","CDFH3301261998000003","19981230","","03","폐업","03","폐업","20170110","","","","","","135915","서울특별시 강남구 역삼동 676-0번지 ","서울특별시 강남구 테헤란로 237 (역삼동)","","휘트니스 센터(14)","2017-02-22 10:45:19","I","2018-08-31 23:59:59.0","","203599.062771687    ","444556.062267296    "
"3220000","CDFH3301262000000001","20000122","","03","폐업","03","폐업","20080620","","","","","","135545","서울특별시 강남구 논현동 203-0번지 거평타운 B동 지하2,3층 ","서울특별시 강남구 봉은사로 129-1  (논현동,거평타운 B동 지하2,3층)","","메디스스포츠센터","2009-01-20 13:25:06","I","2018-08-31 23:59:59.0","","202422.404397085    ","444877.223579374    "
"3220000","CDFH3301262000000002","20000122","","03","폐업","03","폐업","20150520","","","","02-3463-1011","","135856","서울특별시 강남구 도곡동 467-24번지 ","서울특별시 강남구 언주로 118 (도곡동)","","삼원휴스포 도곡점(41)","2015-05-20 13:40:52","I","2018-08-31 23:59:59.0","","204518.8799802      ","442703.584823804    "
"3220000","CDFH3301262000000004","20000831","","03","폐업","03","폐업","20210601","","","","","","","서울특별시 강남구 대치동 889-5 B2층 ","서울특별시 강남구 테헤란로 406, B2층 (대치동, 샹제리제센터)","06192","대신샹제리제휘트니스클럽 주식회사(45)","2021-06-01 13:37:53","U","2021-06-03 02:40:00.0","","204325.143969001    ","444689.095230482    "
"3220000","CDFH3301262001000002","20010214","","03","폐업","03","폐업","20080620","","","","","","135885","서울특별시 강남구 수서동 724-6번지 브이밸리빌딩 9.10층 ","","","레모네이드휘트니스클럽","2009-01-20 13:26:06","I","2018-08-31 23:59:59.0","","",""
"3220000","CDFH3301262005000002","20051130","","03","폐업","03","폐업","","","","","570-9900","","135504","서울특별시 강남구 도곡동 168번지 ","서울특별시 강남구 남부순환로 2763  (도곡동)","","(주)한호건설","2011-02-01 11:49:11","I","2018-08-31 23:59:59.0","","204240.161509413    ","442920.436645854    "
"3220000","CDFH3301262006000001","20060406","","03","폐업","03","폐업","20060406","","","","3440-8201","","135832","서울특별시 강남구 논현동 248-7번지 ","서울특별시 강남구 언주로 640 (논현동)","","(주)태승이십일임피리얼팰리스호텔휘트니스클럽","2014-05-08 17:03:05","I","2018-08-31 23:59:59.0","","203102.074986325    ","445751.652027981    "
"3220000","CDFH3301261989000001","19891226","","03","폐업","03","폐업","19891226","","","","","","135090","서울특별시 강남구 삼성동 159-8번지 ","서울특별시 강남구 테헤란로 521 (삼성동)","","한무개발(주)","2014-05-08 17:06:03","I","2018-08-31 23:59:59.0","","205314.159889285    ","445204.709309676    "
"3220000","CDFH3301261990000001","19900110","","03","폐업","03","폐업","20210806","","","","541-3111","","","서울특별시 강남구 청담동 53-7 B2층 ","서울특별시 강남구 영동대로 737, B2층 (청담동, 호텔리베라)","06071","(주)신안관광 호텔리베라 휘트니스클럽","2021-08-06 15:23:46","U","2021-08-08 02:40:00.0","","204714.758457103    ","446852.078363788    "
"3220000","CDFH3301261990000002","19900707","","03","폐업","03","폐업","","","","","","","135821","서울특별시 강남구 논현동 114번지 ","서울특별시 강남구 언주로 710  (논현동)","","장원산업(주) 스포츠 사업부","2011-02-01 11:55:48","I","2018-08-31 23:59:59.0","","203107.189301648    ","446076.805415494    "
"3220000","CDFH3301261991000001","19910205","","03","폐업","03","폐업","20000830","","","","","","135839","서울특별시 강남구 대치동 889-5번지 ","서울특별시 강남구 테헤란로 406  (대치동)","","(주) 나산 C.L.C","2003-02-08 13:47:30","I","2018-08-31 23:59:59.0","","204325.143969001    ","444689.095230482    "
"3220000","CDFH3301261991000002","19910221","","03","폐업","03","폐업","20021130","","","","","","135878","서울특별시 강남구 삼성동 151-7번지 ","서울특별시 강남구 삼성로 534  (삼성동)","","스포츠타운 다이아몬드","2003-02-08 13:47:30","I","2018-08-31 23:59:59.0","","204849.998753087    ","445280.596880852    "
"3220000","CDFH3301261991000003","19910312","","03","폐업","03","폐업","20041116","","","","","","135513","서울특별시 강남구 역삼동 701번지 ","서울특별시 강남구 언주로 508  (역삼동)","","공무원연금관리공단 서울사무소","2004-11-16 15:54:41","I","2018-08-31 23:59:59.0","","203746.537598441    ","444628.07813453     "
"3220000","CDFH3301261993000001","19930315","","03","폐업","03","폐업","20210601","","","","02-3451-8441","","135907","서울특별시 강남구 역삼동 602-4 ","서울특별시 강남구 봉은사로 120 (역삼동)","","르 메르디앙 서울 호텔","2021-06-01 10:27:15","U","2021-06-03 02:40:00.0","","202395.02652512     ","444750.399574466    "
"3220000","CDFH3301261993000002","19930402","","03","폐업","03","폐업","","","","","","","135874","서울특별시 강남구 삼성동 112-5번지 ","서울특별시 강남구 봉은사로 410  (삼성동)","","대주관광(주) 호텔뉴월드 휘트니스클럽","2011-02-01 11:53:00","I","2018-08-31 23:59:59.0","","203943.258999722    ","445342.390544546    "
"3220000","CDFH3301261993000003","19930609","","03","폐업","03","폐업","20081021","","","","","","135820","서울특별시 강남구 논현동 111-13번지 ","서울특별시 강남구 선릉로131길 8  (논현동)","","(주)노벨스포츠센타","2008-10-21 16:05:25","I","2018-08-31 23:59:59.0","","203489.992662935    ","446195.189237957    "
"3220000","CDFH3301261996000001","19960523","","03","폐업","03","폐업","20150722","","","","","","135891","서울특별시 강남구 신사동 575번지 ","서울특별시 강남구 압구정로 152 (신사동)","135891","극동지앤에스(주)[35]","2015-07-22 16:36:36","I","2018-08-31 23:59:59.0","","202231.679115994    ","447037.821824887    "
"3220000","CDFH3301261996000002","19960801","","03","폐업","03","폐업","20090311","","","","539-0440","","135842","서울특별시 강남구 대치동 983-3번지 ","서울특별시 강남구 영동대로 325  (대치동)","","프리죤스포츠클럽","2011-02-01 11:14:14","I","2018-08-31 23:59:59.0","","205713.28           ","444593.55           "
"3220000","CDFH3301261997000002","19970617","","03","폐업","03","폐업","20001230","","","","","","135939","서울특별시 강남구 개포동 13-3번지 ","서울특별시 강남구 개포로 623  (개포동)","","나산 C.L.C","2003-02-08 13:47:30","I","2018-08-31 23:59:59.0","","206970.919291372    ","443574.411625824    "
"3220000","CDFH3301262019000002","20190820","","01","영업/정상","13","영업중","","","","","02-445-9633","","","서울특별시 강남구 일원동 617번지 영희초등학교 ","서울특별시 강남구 일원로 21, 영희초등학교 (일원동)","06338","영희스포츠센터","2019-08-20 10:29:32","I","2019-08-22 02:22:07.0","","207117.994691239    ","443307.454733568    "
"3220000","CDFH3301262019000001","20190813","","01","영업/정상","13","영업중","","","","","02-2193-1234","","","서울특별시 강남구 신사동 603 ","서울특별시 강남구 논현로 854 (신사동)","06022","안다즈 서울 강남(Andaz Seoul Gangnam)","2021-04-13 17:13:08","U","2021-04-15 02:40:00.0","","202482.216634599    ","447020.420866992    "
"3220000","CDFH3301262021000001","20210305","","01","영업/정상","13","영업중","","","","","02-529-8533","","","서울특별시 강남구 도곡동 949-3 캠코양재타워 ","서울특별시 강남구 강남대로 262, 캠코양재타워 (도곡동)","06265","자마이카 피트니스","2021-03-09 13:03:52","U","2021-03-11 02:40:00.0","","202880.352622758    ","442776.692188896    "
"3220000","CDFH3301262021000002","20210426","","01","영업/정상","13","영업중","","","","","","","","서울특별시 강남구 역삼동 676 센터필드 ","서울특별시 강남구 테헤란로 231, 센터필드 26층 (역삼동)","06142","(주)조선호텔앤리조트 조선팰리스강남 조선웰니스클럽","2021-04-26 15:13:44","I","2021-04-28 00:22:57.0","","203599.062771687    ","444556.062267296    "
"3220000","CDFH3301262015000003","20151210","","01","영업/정상","13","영업중","","","","","02-3449-1094","","","서울특별시 강남구 신사동 575번지 4,5,10층 ","서울특별시 강남구 압구정로 152, 4,5,10층 (신사동, 극동스포츠빌딩)","06030","극동지앤에스(주)(54)","2016-04-27 17:01:04","I","2018-08-31 23:59:59.0","","202231.679115994    ","447037.821824887    "
"3220000","CDFH3301262016000002","20161006","","01","영업/정상","13","영업중","","","","","02-563-6777","","","서울특별시 강남구 대치동 924-10번지 ","서울특별시 강남구 선릉로64길 33 (대치동, 도곡초등학교)","06205","도곡체육문화센터","2016-10-11 20:22:57","I","2018-08-31 23:59:59.0","","204764.624734033    ","444095.980009331    "
"3220000","CDFH3301262019000004","2019-09-08","","01","영업/정상","13","영업중","","","","","02-1688-0580","","","서울특별시 강남구 신사동 550-11 신구초등학교","서울특별시 강남구 압구정로18길 28, 신구초등학교 (신사동)","06029","주식회사 ATB압구정점","2023-05-30 16:53:13","U","2022-12-06 00:01:00.0","","202068.297671494","446764.944152327"
"3220000","CDFH3301262009000001","20090625","","01","영업/정상","13","영업중","","","","","2040-1601","","135886","서울특별시 강남구 수서동 741번지 ","서울특별시 강남구 광평로 185  (수서동)","","태화기독교사회복지관(50)","2014-08-01 11:15:20","I","2018-08-31 23:59:59.0","","208184.247157358    ","442521.07233718     "
"3220000","CDFH3301262000000003","20000126","","01","영업/정상","13","영업중","","","","","02-559-5113","","135928","서울특별시 강남구 역삼동 772번지 ","서울특별시 강남구 언주로 337  (역삼동)","","동영문화센터(39)","2010-01-20 16:13:31","I","2018-08-31 23:59:59.0","","203829.432878247    ","443954.517765895    "
"3220000","CDFH3301262004000003","20040520","","01","영업/정상","13","영업중","","","","","(02)3498-0000~3","","135856","서울특별시 강남구 도곡동 467-29번지 반트 ","서울특별시 강남구 언주로30길 26 (도곡동,반트)","","VANTT 휘트니스클럽[4레인]","2016-07-20 11:40:25","I","2018-08-31 23:59:59.0","","204602.563399428    ","442794.574490766    "
"3220000","CDFH3301262006000002","20061013","","01","영업/정상","13","영업중","","","","","","","","서울특별시 강남구 수서동 749 1층, B2층 ","서울특별시 강남구 광평로 144, 1층, B2층 (수서동, 서울시립 수서청소년수련원)","06362","시립수서청소년센터","2020-07-14 17:49:33","U","2020-07-16 02:40:00.0","","207834.156216454    ","442344.083634873    "
"3220000","CDFH3301262006000003","20060705","","01","영업/정상","13","영업중","","","","","02-3466-7788","","135090","서울특별시 강남구 삼성동 159번지 ","서울특별시 강남구 영동대로 511  (삼성동)","","오크우드프리미어 헬스&휘트니스클럽(46)","2013-09-13 10:21:24","I","2018-08-31 23:59:59.0","","205130.591678902    ","445590.096837802    "
"3220000","CDFH3301261993000004","19930906","","01","영업/정상","13","영업중","","","","","02-531-6454","","135907","서울특별시 강남구 역삼동 603 ","서울특별시 강남구 봉은사로 130 (역삼동)","","(주)앰배서더즈(32)","2021-10-14 16:17:32","U","2021-10-16 02:40:00.0","","202482.701418444    ","444787.812950605    "
"3220000","CDFH3301262005000001","20051201","","03","폐업","03","폐업","20220701","","","","570-9900","","135504","서울특별시 강남구 도곡동 168","서울특별시 강남구 남부순환로 2763  (도곡동)","","ROI SK LEADERS VIEW 휘트니스 클럽","2022-07-01 17:21:19","U","2021-12-07 00:03:00.0","","204240.161509413","442920.436645854"
"3220000","CDFH3301261997000001","19970212","","01","영업/정상","13","영업중","","","","","02-3467-0965","","135845","서울특별시 강남구 대치동 943-19번지 ","서울특별시 강남구 테헤란로 512 (대치동)","","(주)관악신안스포츠클럽[4레인]","2016-06-22 11:25:17","I","2018-08-31 23:59:59.0","","205171.096196141    ","445006.428712237    "
"3220000","CDFH3301262020000001","20201204","","01","영업/정상","13","영업중","","","","","","","","서울특별시 강남구 도곡동 467-24 우성캐릭터199 ","서울특별시 강남구 언주로 118 (도곡동, 우성캐릭터199)","06295","자마이카 피트니스","2020-12-04 11:12:28","I","2020-12-06 00:23:07.0","","204518.8799802      ","442703.584823804    "
"3220000","CDFH3301262015000001","20150713","20150907","04","취소/말소/만료/정지/중지","32","신고취소","","","","","02-3015-5024","","135948","서울특별시 강남구 청담동 4-1번지 4,6층 ","서울특별시 강남구 도산대로 442, 4,6층 (청담동)","06062","(주)아시아월드짐 청담(52)","2015-09-07 15:06:29","I","2018-08-31 23:59:59.0","","203789.588128352    ","446796.128299612    "
"3230000","CDFH3301261989000001","19891226","","03","폐업","03","폐업","20090410","","","","411-4402","","138220","서울특별시 송파구 잠실동 40-1번지 (주)호텔롯데 ","서울특별시 송파구 올림픽로 240  (잠실동,(주)호텔롯데)","","롯데월드 스포츠","2009-04-10 19:11:53","I","2018-08-31 23:59:59.0","","208589.363343145    ","445455.90405262     "
"3230000","CDFH3301261989000002","19891230","","03","폐업","03","폐업","20220228","","","","","","","서울특별시 송파구 잠실동 27-11 ","서울특별시 송파구 올림픽로 211 (잠실동, 서울Y.M.C.A송파지회)","05503","서울YMCA송파지회","2022-02-28 17:40:46","U","2022-03-02 02:40:00.0","","208280.881163857    ","445596.769417879    "
"3230000","CDFH3301261990000001","19900608","","03","폐업","03","폐업","20010221","","","","","","138220","서울특별시 송파구 잠실동 85-1번지 ","서울특별시 송파구 올림픽로4길 17 (잠실동)","138892","아시아스포렉스","2011-10-30 14:20:02","I","2018-08-31 23:59:59.0","","206731.192156063    ","445148.824922026    "
"3230000","CDFH3301261991000001","19910730","","03","폐업","03","폐업","20040812","","","","421-2111","","138829","서울특별시 송파구 방이동 88번지 ","","","올림픽파크텔(대중종합체육시설)","2004-08-12 17:12:55","I","2018-08-31 23:59:59.0","","210199.45921923     ","446539.279382444    "
"3230000","CDFH3301261992000001","19921111","","03","폐업","03","폐업","20190422","","","","02  448 2051","","","서울특별시 송파구 가락동 99-3번지 제일빌딩6층19 ","서울특별시 송파구 송파대로 260 (가락동, 제일오피스텔)","05719","First J Gym","2019-04-22 11:19:24","U","2019-04-24 02:40:00.0","","210431.832858016    ","443465.4592322      "
"3230000","CDFH3301262011000001","20110907","","03","폐업","03","폐업","20150714","","","","449-2526","","138151","서울특별시 송파구 방이동 89-12번지 올림픽스포츠센타 ","서울특별시 송파구 양재대로 1222 (방이동,올림픽스포츠센타)","","올림픽스포츠센타","2015-07-15 16:18:55","I","2018-08-31 23:59:59.0","","211708.264681572    ","445907.582850538    "
"3230000","CDFH3301261994000001","19940110","","03","폐업","03","폐업","20081101","","","","425-0482","","138836","서울특별시 송파구 방이동 227-4번지 ","서울특별시 송파구 오금로 235  (방이동)","","O2 ZONE 스포츠쎈타","2008-11-03 21:26:39","I","2018-08-31 23:59:59.0","","210527.744574834    ","444984.01536348     "
"3230000","CDFH3301261996000001","19960408","","03","폐업","03","폐업","20131218","","","","404-7000","","138855","서울특별시 송파구 오금동 28번지 ","서울특별시 송파구 위례성대로22길 27-22 (오금동)","138855","(주)스포츠클럽서울레저","2013-12-18 11:35:53","I","2018-08-31 23:59:59.0","","211565.077399034    ","445013.127577724    "
"3230000","CDFH3301261996000002","19960907","","03","폐업","03","폐업","20000603","","","","","","138827","서울특별시 송파구 방이동 39-2번지 ","서울특별시 송파구 오금로11길 33  (방이동)","","청풍스포츠센타","2004-01-28 14:08:59","I","2018-08-31 23:59:59.0","","209708.127928039    ","445937.543455637    "
"3220000","CDFH3301262004000001","2004-03-02","","01","영업/정상","13","영업중","","","","","550-3600","","135-928","서울특별시 강남구 역삼동 776-8","서울특별시 강남구 논현로64길 7 (역삼동)","","강남구립 역삼 청소년 수련관(51)","2023-05-25 11:07:02","U","2022-12-04 22:07:00.0","","203548.538951818","443531.31262457"
"3230000","CDFH3301261997000001","19970403","","03","폐업","03","폐업","20030625","","","","","","138747","서울특별시 송파구 가락동 140-0번지 가락쌍용아파트상가 26호","","","에스에스앤스포렉스","2004-01-28 14:11:57","I","2018-08-31 23:59:59.0","","211259.909777857    ","443711.702922024    "
"3230000","CDFH3301262019000001","20190902","","01","영업/정상","13","영업중","","","","","02-430-9864","","","서울특별시 송파구 가락동 99-3 제일오피스텔 ","서울특별시 송파구 송파대로 260, 제일오피스텔 지하층 (가락동)","05719","(주)헬스보이짐가락프리미엄","2021-02-23 09:05:13","U","2021-02-25 02:40:00.0","","210431.832858016    ","443465.4592322      "
"3230000","CDFH3301262010000001","20101122","","01","영업/정상","13","영업중","","","","","400-8700","","","서울특별시 송파구 문정동 90 문정고등학교내 ","서울특별시 송파구 송이로34길 62 (문정동, 문정고등학교)","05809","(주)나눔체육시설","2021-08-09 16:37:10","U","2021-08-11 02:40:00.0","","211158.583786406    ","442572.332153712    "
"3230000","CDFH3301261995000001","19950719","","01","영업/정상","13","영업중","","","","","404-6240","","138857","서울특별시 송파구 오금동 51-0번지 오금근린공원내 ","서울특별시 송파구 동남로 271 (오금동)","05725","서울곰두리체육센타","2017-12-22 18:16:50","I","2018-08-31 23:59:59.0","","211618.842468751    ","444430.324517026    "
"3230000","CDFH3301261996000003","19961114","","01","영업/정상","13","영업중","","","","","02  34346169","","","서울특별시 송파구 신천동 7-19번지 시그마타워 지하1층 ","서울특별시 송파구 올림픽로 289 (신천동, 잠실시그마타워)","05510","시그마스포츠클럽","2020-05-22 10:47:56","U","2020-05-24 02:40:00.0","","208994.017991356    ","445826.545566831    "
"3230000","CDFH3301262008000001","20080111","","01","영업/정상","13","영업중","","","","","02-410-1617","","","서울특별시 송파구 방이동 88-2번지 ","서울특별시 송파구 올림픽로 424 (방이동, 올림픽공원)","05540","올림픽수영장","2018-02-23 13:51:56","I","2018-08-31 23:59:59.0","","211073.254003391    ","446095.133867515    "
"3230000","CDFH3301262021000001","20210901","","01","영업/정상","13","영업중","","","","","02-2092-6000","","","서울특별시 송파구 신천동 29-1 KT송파타워 ","서울특별시 송파구 잠실로 209, KT송파타워 (신천동)","05552","소피텔 앰배서더 서울 호텔 앤 서비스드 레지던스","2021-09-01 09:29:08","I","2021-09-03 00:22:50.0","","209338.128679752    ","445745.524217446    "
"3130000","CDFH3301262011000003","20111004","","03","폐업","03","폐업","20220607","","","","02-6016-0070","","121270","서울특별시 마포구 상암동 1587","서울특별시 마포구 월드컵북로58길 15  (상암동)","03922","스탠포드호텔서울 휘트니스센터","2022-06-07 14:22:48","U","2021-12-06 00:09:00.0","","189919.550051873","453342.222208599"
"3220000","CDFH3301262022000002","20220608","","01","영업/정상","13","영업중","","","","","","","","서울특별시 강남구 논현동 74-6","서울특별시 강남구 논현로 734, 지상2층,지하3,4층 (논현동)","06049","에이 스피릿 오브 저니(A SPIRIT OF JOURNEY)","2022-06-10 17:14:37","U","2021-12-05 23:02:00.0","","202554.432678338","446183.173617335"
"3210000","CDFH3301262022000001","20220615","","01","영업/정상","13","영업중","","","","","02-3464-4970","","","서울특별시 서초구 양재동 231 현대기아자동차빌딩","서울특별시 서초구 헌릉로 12, 현대기아자동차빌딩 지하1층 (양재동)","06797","짐나지움","2022-06-15 16:34:11","I","2021-12-05 23:07:00.0","","203705.426304066","440222.152896766"
"3210000","CDFH3301262004000001","20040218","","01","영업/정상","13","영업중","","","","","3487-9933","","137867","서울특별시 서초구 서초동 1446-11 지하1층","서울특별시 서초구 서초중앙로 15 (서초동, (지1층))","137867","공우이엔씨 주식회사(슈퍼빌휘트니스)","2022-08-05 16:28:12","U","2021-12-08 00:07:00.0","","201347.665918617","442312.725051308"
"3220000","CDFH3301262014000001","20141222","","01","영업/정상","13","영업중","","","","","2016-1234","","135552","서울특별시 강남구 대치동 995-14 파크하얏트서울 22,23층","서울특별시 강남구 테헤란로 606, 22,23층 (대치동, 파크하얏트서울)","06174","파크클럽(Park Club)(51)","2022-08-18 11:03:53","U","2021-12-07 22:00:00.0","","205601.904041677","445151.509504571"
"3110000","CDFH3301262004000001","20040610","","02","휴업","02","휴업","","20220629","20230629","","02-382-2203","","122819","서울특별시 은평구 구산동 1-24 상원빌딩 지층","서울특별시 은평구 서오릉로 145 (구산동,상원빌딩 지층)","","(주)상원스포월드","2022-09-22 11:02:47","U","2021-12-08 22:04:00.0","","192563.874496397","456570.084566278"
"3000000","CDFH3301262006000001","20060706","","01","영업/정상","13","영업중","","","","","02-379-0070","","","서울특별시 종로구 구기동 105-1","서울특별시 종로구 진흥로 446 (구기동, 외 4필지)","03012","로제우스","2022-10-19 14:53:43","U","2021-10-30 22:01:00.0","","196196.102280624","456120.471852388"
"3180000","CDFH3301262007000001","20070709","","01","영업/정상","13","영업중","","","","","2090-8080","","150881","서울특별시 영등포구 여의도동 28-3 메리어트호텔 지하 1,2층","서울특별시 영등포구 여의대로 8 (여의도동,메리어트호텔 지하 1,2층)","","메리엇 수 피트니스 앤 스파","2022-11-17 18:37:43","U","2021-10-31 23:09:00.0","","192739.314354154","446552.469845648"
"3240000","CDFH3301262018000001","2018-05-17","","01","영업/정상","13","영업중","","","","","02-489-2999","","","서울특별시 강동구 성내동 531 서울성일초등학교","서울특별시 강동구 성내로15길 33, 서울성일초등학교 (성내동)","05396","(주) 다빈홀딩스 성일스포렉스","2023-05-16 13:49:48","U","2022-12-04 23:08:00.0","","211275.576090268","447440.867842363"